0_EU_circo;01_code_région;02_nom_région;03_chef-lieu_région;04_numéro_département;05_nom_département;06_préfecture;07_numéro_circonscription;08_nom_commune;09_codes_postaux;10_code_insee;11_latitude;12_longitude;13_éloignement
Est;41;Lorraine;Metz;88;Vosges;Épinal;1;Anglemont;88700;88008;48.383333;6.666667;1.39
Est;41;Lorraine;Metz;88;Vosges;Épinal;1;Arches;88380;88011;48.116667;6.533333;1.05
Est;41;Lorraine;Metz;88;Vosges;Épinal;1;Archettes;88380;88012;48.116667;6.533333;1.05
Est;41;Lorraine;Metz;88;Vosges;Épinal;1;Autrey;88700;88021;48.3;6.683333;1.33
Est;41;Lorraine;Metz;88;Vosges;Épinal;1;Badménil-aux-Bois;88330;88027;48.3;6.516667;1.47
Est;41;Lorraine;Metz;88;Vosges;Épinal;1;Bayecourt;88150;88040;48.266667;6.483333;1.26
Est;41;Lorraine;Metz;88;Vosges;Épinal;1;Bazien;88700;88042;48.416667;6.683333;1.69
Est;41;Lorraine;Metz;88;Vosges;Épinal;1;Brû;88700;88077;48.35;6.683333;1.08
Est;41;Lorraine;Metz;88;Vosges;Épinal;1;Bult;88700;88080;48.3;6.6;1
Est;41;Lorraine;Metz;88;Vosges;Épinal;1;Chantraine;88000;88087;48.166667;6.433333;1.42
Est;41;Lorraine;Metz;88;Vosges;Épinal;1;Charmois-l'Orgueilleux;88270;88092;48.1;6.266667;1.86
Est;41;Lorraine;Metz;88;Vosges;Épinal;1;Châtel-sur-Moselle;88330;88094;48.3;6.4;1
Est;41;Lorraine;Metz;88;Vosges;Épinal;1;Chaumousey;88390;88098;48.166667;6.333333;0.79
Est;41;Lorraine;Metz;88;Vosges;Épinal;1;Chavelot;88150;88099;48.233333;6.433333;0.56
Est;41;Lorraine;Metz;88;Vosges;Épinal;1;Clézentaine;88700;88110;48.416667;6.533333;1.69
Est;41;Lorraine;Metz;88;Vosges;Épinal;1;Damas-aux-Bois;88330;88121;48.4;6.45;1.54
Est;41;Lorraine;Metz;88;Vosges;Épinal;1;Darnieulles;88390;88126;48.2;6.35;0.29
Est;41;Lorraine;Metz;88;Vosges;Épinal;1;Deinvillers;88700;88127;48.416667;6.55;1.69
Est;41;Lorraine;Metz;88;Vosges;Épinal;1;Deyvillers;88000;88132;48.2;6.516667;0.66
Est;41;Lorraine;Metz;88;Vosges;Épinal;1;Dignonville;88000;88133;48.25;6.5;1.16
Est;41;Lorraine;Metz;88;Vosges;Épinal;1;Dinozé;88000;88134;48.133333;6.483333;1.5
Est;41;Lorraine;Metz;88;Vosges;Épinal;1;Dogneville;88000;88136;48.216667;6.45;0.91
Est;41;Lorraine;Metz;88;Vosges;Épinal;1;Domèvre-sur-Avière;88390;88142;48.216667;6.383333;1.28
Est;41;Lorraine;Metz;88;Vosges;Épinal;1;Domèvre-sur-Durbion;88330;88143;48.283333;6.466667;0.96
Est;41;Lorraine;Metz;88;Vosges;Épinal;1;Dommartin-aux-Bois;88390;88147;48.166667;6.266667;2.25
Est;41;Lorraine;Metz;88;Vosges;Épinal;1;Domptail;88700;88153;48.45;6.616667;2
Est;41;Lorraine;Metz;88;Vosges;Épinal;1;Doncières;88700;88156;48.4;6.633333;1.54
Est;41;Lorraine;Metz;88;Vosges;Épinal;1;Dounoux;88220;88157;48.1;6.45;1.2
Est;41;Lorraine;Metz;88;Vosges;Épinal;1;Epinal;88000;88160;48.183333;6.45;0.91
Est;41;Lorraine;Metz;88;Vosges;Épinal;1;Fauconcourt;88700;88168;48.366667;6.533333;1.24
Est;41;Lorraine;Metz;88;Vosges;Épinal;1;Fomerey;88390;88174;48.216667;6.333333;0.7
Est;41;Lorraine;Metz;88;Vosges;Épinal;1;Frizon;88440;88190;;;
Est;41;Lorraine;Metz;88;Vosges;Épinal;1;Gigney;88390;88200;48.233333;6.333333;1.14
Est;41;Lorraine;Metz;88;Vosges;Épinal;1;Girancourt;88390;88201;48.166667;6.316667;1.05
Est;41;Lorraine;Metz;88;Vosges;Épinal;1;Girmont;88150;88204;48.266667;6.433333;0.33
Est;41;Lorraine;Metz;88;Vosges;Épinal;1;Golbey;88190;88209;48.2;6.433333;0.33
Est;41;Lorraine;Metz;88;Vosges;Épinal;1;Hadigny-les-Verrières;88330;88224;48.316667;6.466667;0.78
Est;41;Lorraine;Metz;88;Vosges;Épinal;1;Hadol;88220;88225;48.083333;6.483333;1.35
Est;41;Lorraine;Metz;88;Vosges;Épinal;1;Haillainville;88330;88228;48.4;6.483333;1.54
Est;41;Lorraine;Metz;88;Vosges;Épinal;1;Hardancourt;88700;88230;48.383333;6.566667;1.39
Est;41;Lorraine;Metz;88;Vosges;Épinal;1;Housseras;88700;88243;48.316667;6.716667;1.56
Est;41;Lorraine;Metz;88;Vosges;Épinal;1;Igney;88150;88247;48.283333;6.4;0.7
Est;41;Lorraine;Metz;88;Vosges;Épinal;1;Jeanménil;88700;88251;48.333333;6.683333;1.04
Est;41;Lorraine;Metz;88;Vosges;Épinal;1;Jeuxey;88000;88253;48.2;6.483333;0.47
Est;41;Lorraine;Metz;88;Vosges;Épinal;1;La Baffe;88460;88028;48.166667;6.566667;1.7
Est;41;Lorraine;Metz;88;Vosges;Épinal;1;La Chapelle-aux-Bois;88240;88088;48.033333;6.333333;1.81
Est;41;Lorraine;Metz;88;Vosges;Épinal;1;Le Clerjus;88240;88108;47.966667;6.316667;2.42
Est;41;Lorraine;Metz;88;Vosges;Épinal;1;Les Forges;88390;88178;48.183333;6.383333;1.14
Est;41;Lorraine;Metz;88;Vosges;Épinal;1;Longchamp;88000;88273;48.216667;6.516667;0.76
Est;41;Lorraine;Metz;88;Vosges;Épinal;1;Mazeley;88150;88294;48.25;6.333333;1.86
Est;41;Lorraine;Metz;88;Vosges;Épinal;1;Ménarmont;88700;88298;48.416667;6.65;1.69
Est;41;Lorraine;Metz;88;Vosges;Épinal;1;Ménil-sur-Belvitte;88700;88301;48.383333;6.7;1.39
Est;41;Lorraine;Metz;88;Vosges;Épinal;1;Moriville;88330;88313;48.35;6.433333;1.08
Est;41;Lorraine;Metz;88;Vosges;Épinal;1;Moyemont;88700;88318;48.35;6.533333;1.22
Est;41;Lorraine;Metz;88;Vosges;Épinal;1;Nomexy;88440;88327;48.3;6.383333;0.63
Est;41;Lorraine;Metz;88;Vosges;Épinal;1;Nossoncourt;88700;88333;48.4;6.666667;1.54
Est;41;Lorraine;Metz;88;Vosges;Épinal;1;Oncourt;88150;88337;48.25;6.366667;1.18
Est;41;Lorraine;Metz;88;Vosges;Épinal;1;Ortoncourt;88700;88338;48.366667;6.516667;1.43
Est;41;Lorraine;Metz;88;Vosges;Épinal;1;Pallegney;88330;88342;48.3;6.45;0.63
Est;41;Lorraine;Metz;88;Vosges;Épinal;1;Rambervillers;88700;88367;48.35;6.633333;1.08
Est;41;Lorraine;Metz;88;Vosges;Épinal;1;Rehaincourt;88330;88379;48.366667;6.466667;1.24
Est;41;Lorraine;Metz;88;Vosges;Épinal;1;Renauvoid;88390;88388;;;
Est;41;Lorraine;Metz;88;Vosges;Épinal;1;Romont;88700;88395;48.366667;6.583333;1.24
Est;41;Lorraine;Metz;88;Vosges;Épinal;1;Roville-aux-Chênes;88700;88402;48.383333;6.6;1.39
Est;41;Lorraine;Metz;88;Vosges;Épinal;1;Saint-Benoît-la-Chipotte;88700;88412;48.366667;6.733333;1.61
Est;41;Lorraine;Metz;88;Vosges;Épinal;1;Sainte-Barbe;88700;88410;;;
Est;41;Lorraine;Metz;88;Vosges;Épinal;1;Saint-Genest;88700;88416;48.35;6.516667;1.45
Est;41;Lorraine;Metz;88;Vosges;Épinal;1;Saint-Gorgon;88700;88417;48.333333;6.65;0.93
Est;41;Lorraine;Metz;88;Vosges;Épinal;1;Saint-Maurice-sur-Mortagne;88700;88425;48.383333;6.583333;1.39
Est;41;Lorraine;Metz;88;Vosges;Épinal;1;Saint-Pierremont;88700;88432;48.433333;6.583333;1.85
Est;41;Lorraine;Metz;88;Vosges;Épinal;1;Sanchey;88390;88439;48.183333;6.366667;0.7
Est;41;Lorraine;Metz;88;Vosges;Épinal;1;Sercoeur;88600;88454;48.25;6.533333;2.12
Est;41;Lorraine;Metz;88;Vosges;Épinal;1;Thaon-les-Vosges;88150;88465;48.25;6.416667;0.29
Est;41;Lorraine;Metz;88;Vosges;Épinal;1;Uriménil;88220;88481;48.1;6.4;1.2
Est;41;Lorraine;Metz;88;Vosges;Épinal;1;Uxegney;88390;88483;48.2;6.366667;0.67
Est;41;Lorraine;Metz;88;Vosges;Épinal;1;Uzemain;88220;88484;48.083333;6.35;1.51
Est;41;Lorraine;Metz;88;Vosges;Épinal;1;Vaudéville;88000;88495;48.233333;6.55;1.6
Est;41;Lorraine;Metz;88;Vosges;Épinal;1;Vaxoncourt;88330;88497;48.283333;6.416667;1.01
Est;41;Lorraine;Metz;88;Vosges;Épinal;1;Villoncourt;88150;88509;48.266667;6.516667;1.95
Est;41;Lorraine;Metz;88;Vosges;Épinal;1;Vomécourt;88700;88521;;;
Est;41;Lorraine;Metz;88;Vosges;Épinal;1;Xaffévillers;88700;88527;48.416667;6.616667;1.69
Est;41;Lorraine;Metz;88;Vosges;Épinal;1;Xertigny;88220;88530;48.05;6.4;1.66
Est;41;Lorraine;Metz;88;Vosges;Épinal;1;Zincourt;88330;88532;48.3;6.433333;0.63
Est;41;Lorraine;Metz;88;Vosges;Épinal;2;Allarmont;88110;88005;48.483333;7.016667;2.3
Est;41;Lorraine;Metz;88;Vosges;Épinal;2;Anould;88650;88009;48.183333;6.95;1.76
Est;41;Lorraine;Metz;88;Vosges;Épinal;2;Arrentès-de-Corcieux;88430;88014;48.133333;6.866667;1.53
Est;41;Lorraine;Metz;88;Vosges;Épinal;2;Aumontzey;88640;88018;48.166667;6.783333;1.3
Est;41;Lorraine;Metz;88;Vosges;Épinal;2;Aydoilles;88600;88026;48.216667;6.566667;1.6
Est;41;Lorraine;Metz;88;Vosges;Épinal;2;Ban-de-Laveline;88520;88032;48.25;7.066667;2.08
Est;41;Lorraine;Metz;88;Vosges;Épinal;2;Ban-de-Sapt;88210;88033;;;
Est;41;Lorraine;Metz;88;Vosges;Épinal;2;Ban-sur-Meurthe-Clefcy;88230;88034;;;
Est;41;Lorraine;Metz;88;Vosges;Épinal;2;Barbey-Seroux;88640;88035;48.133333;6.833333;1.87
Est;41;Lorraine;Metz;88;Vosges;Épinal;2;Beauménil;88600;88046;48.183333;6.733333;1.16
Est;41;Lorraine;Metz;88;Vosges;Épinal;2;Belmont-sur-Buttant;88600;88050;48.216667;6.766667;1.25
Est;41;Lorraine;Metz;88;Vosges;Épinal;2;Belval;88210;88053;48.416667;7.05;2.03
Est;41;Lorraine;Metz;88;Vosges;Épinal;2;Bertrimoutier;88520;88054;48.266667;7.05;2.03
Est;41;Lorraine;Metz;88;Vosges;Épinal;2;Biffontaine;88430;88059;48.216667;6.8;1.89
Est;41;Lorraine;Metz;88;Vosges;Épinal;2;Bois-de-Champ;88600;88064;;;
Est;41;Lorraine;Metz;88;Vosges;Épinal;2;Brouvelieures;88600;88076;48.233333;6.733333;1.16
Est;41;Lorraine;Metz;88;Vosges;Épinal;2;Bruyères;88600;88078;48.2;6.716667;1.11
Est;41;Lorraine;Metz;88;Vosges;Épinal;2;Celles-sur-Plaine;88110;88082;48.466667;6.95;2.15
Est;41;Lorraine;Metz;88;Vosges;Épinal;2;Champdray;88640;88085;48.133333;6.75;1.2
Est;41;Lorraine;Metz;88;Vosges;Épinal;2;Champ-le-Duc;88600;88086;48.2;6.716667;1.11
Est;41;Lorraine;Metz;88;Vosges;Épinal;2;Charmois-devant-Bruyères;88460;88091;48.166667;6.6;0.9
Est;41;Lorraine;Metz;88;Vosges;Épinal;2;Châtas;88210;88093;48.366667;7.033333;1.99
Est;41;Lorraine;Metz;88;Vosges;Épinal;2;Cheniménil;88460;88101;48.133333;6.6;0.89
Est;41;Lorraine;Metz;88;Vosges;Épinal;2;Coinches;88100;88111;48.25;7.033333;1.99
Est;41;Lorraine;Metz;88;Vosges;Épinal;2;Colroy-la-Grande;88490;88112;48.316667;7.116667;2.22
Est;41;Lorraine;Metz;88;Vosges;Épinal;2;Combrimont;88490;88113;48.283333;7.066667;2.08
Est;41;Lorraine;Metz;88;Vosges;Épinal;2;Corcieux;88430;88115;48.166667;6.883333;1.57
Est;41;Lorraine;Metz;88;Vosges;Épinal;2;Denipaire;88210;88128;48.35;6.966667;1.8
Est;41;Lorraine;Metz;88;Vosges;Épinal;2;Destord;88600;88130;48.266667;6.616667;1.14
Est;41;Lorraine;Metz;88;Vosges;Épinal;2;Deycimont;88600;88131;48.166667;6.65;0.93
Est;41;Lorraine;Metz;88;Vosges;Épinal;2;Docelles;88460;88135;48.15;6.616667;0.84
Est;41;Lorraine;Metz;88;Vosges;Épinal;2;Domfaing;88600;88145;48.233333;6.75;1.2
Est;41;Lorraine;Metz;88;Vosges;Épinal;2;Dompierre;88600;88152;48.25;6.566667;1.67
Est;41;Lorraine;Metz;88;Vosges;Épinal;2;Entre-deux-Eaux;88650;88159;48.233333;7;1.89
Est;41;Lorraine;Metz;88;Vosges;Épinal;2;Etival-Clairefontaine;88480;88165;48.366667;6.883333;1.57
Est;41;Lorraine;Metz;88;Vosges;Épinal;2;Fays;88600;88169;48.2;6.683333;1.02
Est;41;Lorraine;Metz;88;Vosges;Épinal;2;Fiménil;88600;88172;48.183333;6.716667;1.11
Est;41;Lorraine;Metz;88;Vosges;Épinal;2;Fontenay;88600;88175;48.216667;6.583333;1.37
Est;41;Lorraine;Metz;88;Vosges;Épinal;2;Fraize;88230;88181;48.183333;7;1.89
Est;41;Lorraine;Metz;88;Vosges;Épinal;2;Frapelle;88490;88182;48.3;7.066667;2.08
Est;41;Lorraine;Metz;88;Vosges;Épinal;2;Fremifontaine;88600;88184;48.266667;6.683333;1.02
Est;41;Lorraine;Metz;88;Vosges;Épinal;2;Gemaingoutte;88520;88193;48.25;7.083333;2.12
Est;41;Lorraine;Metz;88;Vosges;Épinal;2;Gerbépal;88430;88198;48.15;6.916667;1.66
Est;41;Lorraine;Metz;88;Vosges;Épinal;2;Girecourt-sur-Durbion;88600;88203;48.25;6.6;1.23
Est;41;Lorraine;Metz;88;Vosges;Épinal;2;Grandrupt;88210;88215;48.366667;7.066667;2.08
Est;41;Lorraine;Metz;88;Vosges;Épinal;2;Grandvillers;88600;88216;48.233333;6.683333;1.02
Est;41;Lorraine;Metz;88;Vosges;Épinal;2;Granges-sur-Vologne;88640;88218;48.15;6.783333;1.3
Est;41;Lorraine;Metz;88;Vosges;Épinal;2;Gugnécourt;88600;88222;48.25;6.616667;1.01
Est;41;Lorraine;Metz;88;Vosges;Épinal;2;Herpelmont;88600;88240;48.166667;6.733333;1.16
Est;41;Lorraine;Metz;88;Vosges;Épinal;2;Hurbache;88210;88245;48.35;6.933333;2.15
Est;41;Lorraine;Metz;88;Vosges;Épinal;2;Jussarupt;88640;88256;48.166667;6.75;1.2
Est;41;Lorraine;Metz;88;Vosges;Épinal;2;La Bourgonce;88470;88068;48.316667;6.833333;1.43
Est;41;Lorraine;Metz;88;Vosges;Épinal;2;La Chapelle-devant-Bruyères;88600;88089;;;
Est;41;Lorraine;Metz;88;Vosges;Épinal;2;La Croix-aux-Mines;88520;88120;48.216667;7.05;2.03
Est;41;Lorraine;Metz;88;Vosges;Épinal;2;La Grande-Fosse;88490;88213;;;
Est;41;Lorraine;Metz;88;Vosges;Épinal;2;La Houssière;88430;88244;48.2;6.85;1.48
Est;41;Lorraine;Metz;88;Vosges;Épinal;2;La Neuveville-devant-Lépanges;88600;88322;;;
Est;41;Lorraine;Metz;88;Vosges;Épinal;2;La Petite-Fosse;88490;88345;;;
Est;41;Lorraine;Metz;88;Vosges;Épinal;2;La Petite-Raon;88210;88346;48.4;7;1.89
Est;41;Lorraine;Metz;88;Vosges;Épinal;2;La Salle;88470;88438;48.333333;6.833333;1.43
Est;41;Lorraine;Metz;88;Vosges;Épinal;2;Laval-sur-Vologne;88600;88261;48.2;6.7;1.07
Est;41;Lorraine;Metz;88;Vosges;Épinal;2;Laveline-devant-Bruyères;88600;88262;48.183333;6.75;1.2
Est;41;Lorraine;Metz;88;Vosges;Épinal;2;Laveline-du-Houx;88640;88263;48.133333;6.7;1.62
Est;41;Lorraine;Metz;88;Vosges;Épinal;2;La Voivre;88470;88519;48.333333;6.9;1.62
Est;41;Lorraine;Metz;88;Vosges;Épinal;2;Le Beulay;88490;88057;48.3;7.066667;2.08
Est;41;Lorraine;Metz;88;Vosges;Épinal;2;Le Mont;88210;88306;48.416667;7.033333;1.99
Est;41;Lorraine;Metz;88;Vosges;Épinal;2;Lépanges-sur-Vologne;88600;88266;;;
Est;41;Lorraine;Metz;88;Vosges;Épinal;2;Le Puid;88210;88362;48.4;7.05;2.03
Est;41;Lorraine;Metz;88;Vosges;Épinal;2;Le Roulier;88460;88399;48.166667;6.616667;0.84
Est;41;Lorraine;Metz;88;Vosges;Épinal;2;Le Saulcy;88210;88444;48.416667;7.05;2.03
Est;41;Lorraine;Metz;88;Vosges;Épinal;2;Les Poulières;88600;88356;48.2;6.8;1.68
Est;41;Lorraine;Metz;88;Vosges;Épinal;2;Les Rouges-Eaux;88600;88398;48.266667;6.816667;2.02
Est;41;Lorraine;Metz;88;Vosges;Épinal;2;Lesseux;88490;88268;48.283333;7.083333;2.12
Est;41;Lorraine;Metz;88;Vosges;Épinal;2;Le Valtin;88230;88492;48.1;7.033333;1.99
Est;41;Lorraine;Metz;88;Vosges;Épinal;2;Le Vermont;88210;88501;48.383333;7.066667;2.08
Est;41;Lorraine;Metz;88;Vosges;Épinal;2;Lubine;88490;88275;48.316667;7.15;2.31
Est;41;Lorraine;Metz;88;Vosges;Épinal;2;Lusse;88490;88276;48.283333;7.1;2.17
Est;41;Lorraine;Metz;88;Vosges;Épinal;2;Luvigny;88110;88277;48.5;7.066667;2.45
Est;41;Lorraine;Metz;88;Vosges;Épinal;2;Mandray;88650;88284;48.216667;7;1.89
Est;41;Lorraine;Metz;88;Vosges;Épinal;2;Méménil;88600;88297;48.216667;6.616667;0.9
Est;41;Lorraine;Metz;88;Vosges;Épinal;2;Ménil-de-Senones;88210;88300;48.383333;7;1.89
Est;41;Lorraine;Metz;88;Vosges;Épinal;2;Mortagne;88600;88315;48.266667;6.75;1.2
Est;41;Lorraine;Metz;88;Vosges;Épinal;2;Moussey;88210;88317;;;
Est;41;Lorraine;Metz;88;Vosges;Épinal;2;Moyenmoutier;88420;88319;48.383333;6.916667;1.66
Est;41;Lorraine;Metz;88;Vosges;Épinal;2;Nayemont-les-Fosses;88100;88320;48.3;7.016667;1.94
Est;41;Lorraine;Metz;88;Vosges;Épinal;2;Neuvillers-sur-Fave;88100;88326;48.283333;7.033333;1.99
Est;41;Lorraine;Metz;88;Vosges;Épinal;2;Nompatelize;88470;88328;48.333333;6.85;1.48
Est;41;Lorraine;Metz;88;Vosges;Épinal;2;Nonzeville;88600;88331;48.266667;6.633333;0.97
Est;41;Lorraine;Metz;88;Vosges;Épinal;2;Padoux;88700;88340;48.283333;6.566667;1.4
Est;41;Lorraine;Metz;88;Vosges;Épinal;2;Pair-et-Grandrupt;88100;88341;48.283333;7.016667;1.94
Est;41;Lorraine;Metz;88;Vosges;Épinal;2;Pierrepont-sur-l'Arentèle;88600;88348;;;
Est;41;Lorraine;Metz;88;Vosges;Épinal;2;Plainfaing;88230;88349;48.166667;7.016667;1.94
Est;41;Lorraine;Metz;88;Vosges;Épinal;2;Prey;88600;88359;48.183333;6.683333;1.02
Est;41;Lorraine;Metz;88;Vosges;Épinal;2;Provenchères-sur-Fave;88490;88361;48.316667;7.083333;2.12
Est;41;Lorraine;Metz;88;Vosges;Épinal;2;Raon-l'Etape;88110;88372;48.4;6.85;2.27
Est;41;Lorraine;Metz;88;Vosges;Épinal;2;Raon-sur-Plaine;88110;88373;48.516667;7.1;2.61
Est;41;Lorraine;Metz;88;Vosges;Épinal;2;Raves;88520;88375;48.266667;7.05;2.03
Est;41;Lorraine;Metz;88;Vosges;Épinal;2;Rehaupal;88640;88380;48.116667;6.733333;1.16
Est;41;Lorraine;Metz;88;Vosges;Épinal;2;Remomeix;88100;88386;;;
Est;41;Lorraine;Metz;88;Vosges;Épinal;2;Saint-Dié;88100;88413;48.283333;6.95;1.76
Est;41;Lorraine;Metz;88;Vosges;Épinal;2;Sainte-Hélène;88700;88418;48.283333;6.65;1.28
Est;41;Lorraine;Metz;88;Vosges;Épinal;2;Sainte-Marguerite;88100;88424;;;
Est;41;Lorraine;Metz;88;Vosges;Épinal;2;Saint-Jean-d'Ormont;88210;88419;48.333333;7;1.89
Est;41;Lorraine;Metz;88;Vosges;Épinal;2;Saint-Léonard;88650;88423;48.216667;6.95;1.76
Est;41;Lorraine;Metz;88;Vosges;Épinal;2;Saint-Michel-sur-Meurthe;88470;88428;48.316667;6.9;1.62
Est;41;Lorraine;Metz;88;Vosges;Épinal;2;Saint-Remy;88480;88435;;;
Est;41;Lorraine;Metz;88;Vosges;Épinal;2;Saint-Stail;88210;88436;48.366667;7.066667;2.08
Est;41;Lorraine;Metz;88;Vosges;Épinal;2;Saulcy-sur-Meurthe;88580;88445;48.233333;6.966667;1.8
Est;41;Lorraine;Metz;88;Vosges;Épinal;2;Senones;88210;88451;48.4;6.983333;1.85
Est;41;Lorraine;Metz;88;Vosges;Épinal;2;Taintrux;88100;88463;48.25;6.9;1.96
Est;41;Lorraine;Metz;88;Vosges;Épinal;2;Vervezelle;88600;88502;48.216667;6.75;1.2
Est;41;Lorraine;Metz;88;Vosges;Épinal;2;Vexaincourt;88110;88503;48.5;7.05;2.45
Est;41;Lorraine;Metz;88;Vosges;Épinal;2;Vienville;88430;88505;48.166667;6.85;1.48
Est;41;Lorraine;Metz;88;Vosges;Épinal;2;Vieux-Moulin;88210;88506;48.4;7;1.89
Est;41;Lorraine;Metz;88;Vosges;Épinal;2;Viménil;88600;88512;48.233333;6.633333;0.88
Est;41;Lorraine;Metz;88;Vosges;Épinal;2;Wisembach;88520;88526;48.25;7.116667;2.22
Est;41;Lorraine;Metz;88;Vosges;Épinal;2;Xamontarupt;88460;88528;48.133333;6.65;0.93
Est;41;Lorraine;Metz;88;Vosges;Épinal;3;Basse-sur-le-Rupt;88120;88037;47.983333;6.75;2.26
Est;41;Lorraine;Metz;88;Vosges;Épinal;3;Bellefontaine;88370;88048;48.016667;6.45;1.96
Est;41;Lorraine;Metz;88;Vosges;Épinal;3;Bussang;88540;88081;47.87938;6.85014;-1
Est;41;Lorraine;Metz;88;Vosges;Épinal;3;Cleurie;88120;88109;;;
Est;41;Lorraine;Metz;88;Vosges;Épinal;3;Cornimont;88310;88116;47.966667;6.833333;2.42
Est;41;Lorraine;Metz;88;Vosges;Épinal;3;Dommartin-lès-Remiremont;88200;88148;48;6.65;2.11
Est;41;Lorraine;Metz;88;Vosges;Épinal;3;Eloyes;88510;88158;48.1;6.616667;1.2
Est;41;Lorraine;Metz;88;Vosges;Épinal;3;Faucompierre;88460;88167;48.133333;6.666667;1.2
Est;41;Lorraine;Metz;88;Vosges;Épinal;3;Ferdrupt;88360;88170;47.9;6.74288;-1
Est;41;Lorraine;Metz;88;Vosges;Épinal;3;Fresse-sur-Moselle;88160;88188;47.866667;6.791667;-1
Est;41;Lorraine;Metz;88;Vosges;Épinal;3;Gérardmer;88400;88196;48.066667;6.883333;1.57
Est;41;Lorraine;Metz;88;Vosges;Épinal;3;Gerbamont;88120;88197;;;
Est;41;Lorraine;Metz;88;Vosges;Épinal;3;Girmont-Val-d'Ajol;88340;88205;47.95;6.55;2.57
Est;41;Lorraine;Metz;88;Vosges;Épinal;3;Jarménil;88550;88250;48.116667;6.566667;1.05
Est;41;Lorraine;Metz;88;Vosges;Épinal;3;La Bresse;88250;88075;48;6.883333;2.11
Est;41;Lorraine;Metz;88;Vosges;Épinal;3;La Forge;88530;88177;48.066667;6.733333;1.5
Est;41;Lorraine;Metz;88;Vosges;Épinal;3;Le Ménil;88160;88302;47.89328;6.742881;-1
Est;41;Lorraine;Metz;88;Vosges;Épinal;3;Le Syndicat;88120;88462;48.016667;6.683333;1.96
Est;41;Lorraine;Metz;88;Vosges;Épinal;3;Le Thillot;88160;88468;47.8795;6.76495;-1
Est;41;Lorraine;Metz;88;Vosges;Épinal;3;Le Tholy;88530;88470;48.083333;6.75;1.35
Est;41;Lorraine;Metz;88;Vosges;Épinal;3;Le Val-d'Ajol;88340;88487;47.916667;6.483333;2.87
Est;41;Lorraine;Metz;88;Vosges;Épinal;3;Liézey;88400;88269;48.1;6.8;1.45
Est;41;Lorraine;Metz;88;Vosges;Épinal;3;Plombières-les-Bains;88370;88351;47.966667;6.483333;2.42
Est;41;Lorraine;Metz;88;Vosges;Épinal;3;Pouxeux;88550;88358;48.1;6.566667;1.2
Est;41;Lorraine;Metz;88;Vosges;Épinal;3;Ramonchamp;88160;88369;47.89;6.7379;-1
Est;41;Lorraine;Metz;88;Vosges;Épinal;3;Raon-aux-Bois;88220;88371;48.05;6.516667;1.66
Est;41;Lorraine;Metz;88;Vosges;Épinal;3;Remiremont;88200;88383;48.016667;6.583333;1.96
Est;41;Lorraine;Metz;88;Vosges;Épinal;3;Rochesson;88120;88391;48.016667;6.783333;1.96
Est;41;Lorraine;Metz;88;Vosges;Épinal;3;Rupt-sur-Moselle;88360;88408;47.933333;6.666667;2.72
Est;41;Lorraine;Metz;88;Vosges;Épinal;3;Saint-Amé;88120;88409;48.033333;6.666667;1.81
Est;41;Lorraine;Metz;88;Vosges;Épinal;3;Saint-Etienne-lès-Remiremont;88200;88415;48.033333;6.616667;1.81
Est;41;Lorraine;Metz;88;Vosges;Épinal;3;Saint-Maurice-sur-Moselle;88560;88426;47.866667;6.791667;-1
Est;41;Lorraine;Metz;88;Vosges;Épinal;3;Saint-Nabord;88200;88429;48.05;6.583333;1.66
Est;41;Lorraine;Metz;88;Vosges;Épinal;3;Sapois;88120;88442;48.016667;6.75;1.96
Est;41;Lorraine;Metz;88;Vosges;Épinal;3;Saulxures-sur-Moselotte;88290;88447;47.95;6.766667;2.57
Est;41;Lorraine;Metz;88;Vosges;Épinal;3;Tendon;88460;88464;48.116667;6.683333;1.79
Est;41;Lorraine;Metz;88;Vosges;Épinal;3;Thiéfosse;88290;88467;47.966667;6.733333;2.42
Est;41;Lorraine;Metz;88;Vosges;Épinal;3;Vagney;88120;88486;48.016667;6.716667;1.96
Est;41;Lorraine;Metz;88;Vosges;Épinal;3;Vecoux;88200;88498;47.983333;6.633333;2.26
Est;41;Lorraine;Metz;88;Vosges;Épinal;3;Ventron;88310;88500;47.933333;6.866667;2.72
Est;41;Lorraine;Metz;88;Vosges;Épinal;3;Xonrupt-Longemer;88400;88531;48.083333;6.916667;1.66
Est;41;Lorraine;Metz;88;Vosges;Épinal;4;Ahéville;88500;88002;48.283333;6.2;1.55
Est;41;Lorraine;Metz;88;Vosges;Épinal;4;Aingeville;88140;88003;48.2;5.766667;1.51
Est;41;Lorraine;Metz;88;Vosges;Épinal;4;Ainvelle;88320;88004;48;5.833333;2.11
Est;41;Lorraine;Metz;88;Vosges;Épinal;4;Ambacourt;88500;88006;48.35;6.15;1.08
Est;41;Lorraine;Metz;88;Vosges;Épinal;4;Ameuvelle;88410;88007;47.95;5.95;2.57
Est;41;Lorraine;Metz;88;Vosges;Épinal;4;Aouze;88170;88010;48.383333;5.866667;1.39
Est;41;Lorraine;Metz;88;Vosges;Épinal;4;Aroffe;88170;88013;48.4;5.9;1.54
Est;41;Lorraine;Metz;88;Vosges;Épinal;4;Attignéville;88300;88015;48.383333;5.816667;1.39
Est;41;Lorraine;Metz;88;Vosges;Épinal;4;Attigny;88260;88016;48.066667;6.033333;1.5
Est;41;Lorraine;Metz;88;Vosges;Épinal;4;Aulnois;88300;88017;48.25;5.783333;1.46
Est;41;Lorraine;Metz;88;Vosges;Épinal;4;Autigny-la-Tour;88300;88019;48.4;5.766667;1.54
Est;41;Lorraine;Metz;88;Vosges;Épinal;4;Autreville;88300;88020;48.483333;5.85;2.3
Est;41;Lorraine;Metz;88;Vosges;Épinal;4;Auzainvilliers;88140;88022;48.233333;5.85;1.28
Est;41;Lorraine;Metz;88;Vosges;Épinal;4;Avillers;88500;88023;48.316667;6.216667;1.73
Est;41;Lorraine;Metz;88;Vosges;Épinal;4;Avrainville;88130;88024;48.366667;6.216667;1.24
Est;41;Lorraine;Metz;88;Vosges;Épinal;4;Avranville;88630;88025;48.416667;5.533333;2.15
Est;41;Lorraine;Metz;88;Vosges;Épinal;4;Bains-les-Bains;88240;88029;48;6.266667;2.11
Est;41;Lorraine;Metz;88;Vosges;Épinal;4;Bainville-aux-Saules;88270;88030;48.2;6.133333;1.05
Est;41;Lorraine;Metz;88;Vosges;Épinal;4;Balléville;88170;88031;48.333333;5.85;1.28
Est;41;Lorraine;Metz;88;Vosges;Épinal;4;Barville;88300;88036;48.383333;5.783333;1.46
Est;41;Lorraine;Metz;88;Vosges;Épinal;4;Battexey;88130;88038;48.383333;6.183333;1.39
Est;41;Lorraine;Metz;88;Vosges;Épinal;4;Baudricourt;88500;88039;48.316667;6.05;0.78
Est;41;Lorraine;Metz;88;Vosges;Épinal;4;Bazegney;88270;88041;48.266667;6.233333;0.79
Est;41;Lorraine;Metz;88;Vosges;Épinal;4;Bazoilles-et-Ménil;88500;88043;48.266667;6.1;0.66
Est;41;Lorraine;Metz;88;Vosges;Épinal;4;Bazoilles-sur-Meuse;88300;88044;48.3;5.65;1.83
Est;41;Lorraine;Metz;88;Vosges;Épinal;4;Beaufremont;88300;88045;48.25;5.75;1.55
Est;41;Lorraine;Metz;88;Vosges;Épinal;4;Begnécourt;88270;88047;48.2;6.15;0.82
Est;41;Lorraine;Metz;88;Vosges;Épinal;4;Belmont-lès-Darney;88260;88049;48.083333;6.016667;1.35
Est;41;Lorraine;Metz;88;Vosges;Épinal;4;Belmont-sur-Vair;88800;88051;48.25;5.9;1.37
Est;41;Lorraine;Metz;88;Vosges;Épinal;4;Belrupt;88260;88052;48.083333;6.1;1.35
Est;41;Lorraine;Metz;88;Vosges;Épinal;4;Bettegney-Saint-Brice;88450;88055;48.3;6.3;0.63
Est;41;Lorraine;Metz;88;Vosges;Épinal;4;Bettoncourt;88500;88056;48.35;6.166667;1.15
Est;41;Lorraine;Metz;88;Vosges;Épinal;4;Biécourt;88170;88058;48.316667;5.95;1.24
Est;41;Lorraine;Metz;88;Vosges;Épinal;4;Blémerey;88500;88060;48.358333;6.05;-1
Est;41;Lorraine;Metz;88;Vosges;Épinal;4;Bleurville;88410;88061;48.066667;5.966667;1.53
Est;41;Lorraine;Metz;88;Vosges;Épinal;4;Blevaincourt;88320;88062;48.116667;5.683333;1.74
Est;41;Lorraine;Metz;88;Vosges;Épinal;4;Bocquegney;88270;88063;48.216667;6.3;1.32
Est;41;Lorraine;Metz;88;Vosges;Épinal;4;Bonvillet;88260;88065;;;
Est;41;Lorraine;Metz;88;Vosges;Épinal;4;Boulaincourt;88500;88066;48.366667;6.083333;1.24
Est;41;Lorraine;Metz;88;Vosges;Épinal;4;Bouxières-aux-Bois;88270;88069;48.266667;6.316667;1.7
Est;41;Lorraine;Metz;88;Vosges;Épinal;4;Bouxurulles;88130;88070;48.333333;6.233333;0.93
Est;41;Lorraine;Metz;88;Vosges;Épinal;4;Bouzemont;88270;88071;48.25;6.233333;0.59
Est;41;Lorraine;Metz;88;Vosges;Épinal;4;Brantigny;88130;88073;48.35;6.283333;1.08
Est;41;Lorraine;Metz;88;Vosges;Épinal;4;Brechainville;88350;88074;48.366667;5.483333;2.29
Est;41;Lorraine;Metz;88;Vosges;Épinal;4;Bulgnéville;88140;88079;48.216667;5.833333;1.32
Est;41;Lorraine;Metz;88;Vosges;Épinal;4;Certilleux;88300;88083;48.316667;5.733333;1.6
Est;41;Lorraine;Metz;88;Vosges;Épinal;4;Chamagne;88130;88084;48.416667;6.283333;1.69
Est;41;Lorraine;Metz;88;Vosges;Épinal;4;Charmes;88130;88090;48.366667;6.283333;1.24
Est;41;Lorraine;Metz;88;Vosges;Épinal;4;Châtenois;88170;88095;48.3;5.833333;1.32
Est;41;Lorraine;Metz;88;Vosges;Épinal;4;Châtillon-sur-Saône;88410;88096;47.95;5.883333;2.57
Est;41;Lorraine;Metz;88;Vosges;Épinal;4;Chauffecourt;88500;88097;48.333333;6.15;0.93
Est;41;Lorraine;Metz;88;Vosges;Épinal;4;Chef-Haut;88500;88100;48.35;6.016667;1.18
Est;41;Lorraine;Metz;88;Vosges;Épinal;4;Chermisey;88630;88102;48.416667;5.566667;2.06
Est;41;Lorraine;Metz;88;Vosges;Épinal;4;Circourt;88270;88103;48.25;6.283333;1.18
Est;41;Lorraine;Metz;88;Vosges;Épinal;4;Circourt-sur-Mouzon;88300;88104;;;
Est;41;Lorraine;Metz;88;Vosges;Épinal;4;Claudon;88410;88105;48.033333;6.033333;2
Est;41;Lorraine;Metz;88;Vosges;Épinal;4;Clérey-la-Côte;88630;88107;48.483333;5.766667;2.3
Est;41;Lorraine;Metz;88;Vosges;Épinal;4;Contrexéville;88140;88114;48.183333;5.9;1.74
Est;41;Lorraine;Metz;88;Vosges;Épinal;4;Courcelles-sous-Châtenois;88170;88117;48.333333;5.816667;1.37
Est;41;Lorraine;Metz;88;Vosges;Épinal;4;Coussey;88630;88118;48.416667;5.683333;1.74
Est;41;Lorraine;Metz;88;Vosges;Épinal;4;Crainvilliers;88140;88119;48.15;5.833333;1.32
Est;41;Lorraine;Metz;88;Vosges;Épinal;4;Damas-et-Bettegney;88270;88122;48.216667;6.266667;0.86
Est;41;Lorraine;Metz;88;Vosges;Épinal;4;Damblain;88320;88123;48.1;5.65;1.83
Est;41;Lorraine;Metz;88;Vosges;Épinal;4;Darney;88260;88124;48.083333;6.05;1.35
Est;41;Lorraine;Metz;88;Vosges;Épinal;4;Darney-aux-Chênes;88170;88125;48.283333;5.816667;1.37
Est;41;Lorraine;Metz;88;Vosges;Épinal;4;Derbamont;88270;88129;48.266667;6.266667;1.1
Est;41;Lorraine;Metz;88;Vosges;Épinal;4;Dolaincourt;88170;88137;48.333333;5.816667;1.37
Est;41;Lorraine;Metz;88;Vosges;Épinal;4;Dombasle-devant-Darney;88260;88138;48.133333;6.083333;0.89
Est;41;Lorraine;Metz;88;Vosges;Épinal;4;Dombasle-en-Xaintois;88500;88139;48.3;6;1.31
Est;41;Lorraine;Metz;88;Vosges;Épinal;4;Dombrot-le-Sec;88140;88140;48.15;5.916667;2.15
Est;41;Lorraine;Metz;88;Vosges;Épinal;4;Dombrot-sur-Vair;88170;88141;48.266667;5.883333;1.18
Est;41;Lorraine;Metz;88;Vosges;Épinal;4;Domèvre-sous-Montfort;88500;88144;48.25;6.066667;0.95
Est;41;Lorraine;Metz;88;Vosges;Épinal;4;Domjulien;88800;88146;48.25;6;0.86
Est;41;Lorraine;Metz;88;Vosges;Épinal;4;Dommartin-lès-Vallois;88260;88149;48.15;6.083333;0.74
Est;41;Lorraine;Metz;88;Vosges;Épinal;4;Dommartin-sur-Vraine;88170;88150;48.333333;5.9;1.14
Est;41;Lorraine;Metz;88;Vosges;Épinal;4;Dompaire;88270;88151;48.216667;6.216667;0.27
Est;41;Lorraine;Metz;88;Vosges;Épinal;4;Domrémy-la-Pucelle;88630;88154;48.45;5.683333;2
Est;41;Lorraine;Metz;88;Vosges;Épinal;4;Domvallier;88500;88155;48.316667;6.083333;0.78
Est;41;Lorraine;Metz;88;Vosges;Épinal;4;Escles;88260;88161;48.133333;6.183333;1.69
Est;41;Lorraine;Metz;88;Vosges;Épinal;4;Esley;88260;88162;48.166667;6.066667;0.68
Est;41;Lorraine;Metz;88;Vosges;Épinal;4;Essegney;88130;88163;48.366667;6.316667;1.51
Est;41;Lorraine;Metz;88;Vosges;Épinal;4;Estrennes;88500;88164;48.266667;6.05;0.88
Est;41;Lorraine;Metz;88;Vosges;Épinal;4;Evaux-et-Ménil;88450;88166;48.333333;6.3;1.05
Est;41;Lorraine;Metz;88;Vosges;Épinal;4;Fignévelle;88410;88171;47.983333;5.916667;2.26
Est;41;Lorraine;Metz;88;Vosges;Épinal;4;Florémont;88130;88173;48.366667;6.25;1.24
Est;41;Lorraine;Metz;88;Vosges;Épinal;4;Fontenoy-le-Château;88240;88176;47.966667;6.2;2.42
Est;41;Lorraine;Metz;88;Vosges;Épinal;4;Fouchécourt;88320;88179;48.016667;5.866667;1.96
Est;41;Lorraine;Metz;88;Vosges;Épinal;4;Frain;88320;88180;48.083333;5.883333;1.35
Est;41;Lorraine;Metz;88;Vosges;Épinal;4;Frebécourt;88630;88183;48.383333;5.666667;1.78
Est;41;Lorraine;Metz;88;Vosges;Épinal;4;Frenelle-la-Grande;88500;88185;48.35;6.083333;1.08
Est;41;Lorraine;Metz;88;Vosges;Épinal;4;Frenelle-la-Petite;88500;88186;48.35;6.066667;1.08
Est;41;Lorraine;Metz;88;Vosges;Épinal;4;Frénois;88270;88187;48.183333;6.116667;1.34
Est;41;Lorraine;Metz;88;Vosges;Épinal;4;Fréville;88350;88189;48.333333;5.616667;1.92
Est;41;Lorraine;Metz;88;Vosges;Épinal;4;Gelvécourt-et-Adompt;88270;88192;48.2;6.183333;0.4
Est;41;Lorraine;Metz;88;Vosges;Épinal;4;Gemmelaincourt;88170;88194;48.283333;5.966667;1.68
Est;41;Lorraine;Metz;88;Vosges;Épinal;4;Gendreville;88140;88195;48.233333;5.716667;1.64
Est;41;Lorraine;Metz;88;Vosges;Épinal;4;Gignéville;88320;88199;48.116667;5.916667;1.46
Est;41;Lorraine;Metz;88;Vosges;Épinal;4;Gircourt-lès-Viéville;88500;88202;48.333333;6.2;1.52
Est;41;Lorraine;Metz;88;Vosges;Épinal;4;Gironcourt-sur-Vraine;88170;88206;48.316667;5.933333;1.05
Est;41;Lorraine;Metz;88;Vosges;Épinal;4;Godoncourt;88410;88208;48;5.916667;2.11
Est;41;Lorraine;Metz;88;Vosges;Épinal;4;Gorhey;88270;88210;48.2;6.283333;1.12
Est;41;Lorraine;Metz;88;Vosges;Épinal;4;Grand;88350;88212;48.383333;5.483333;2.29
Est;41;Lorraine;Metz;88;Vosges;Épinal;4;Grandrupt-de-Bains;88240;88214;48.066667;6.183333;1.5
Est;41;Lorraine;Metz;88;Vosges;Épinal;4;Greux;88630;88219;48.45;5.683333;2
Est;41;Lorraine;Metz;88;Vosges;Épinal;4;Grignoncourt;88410;88220;47.966667;5.9;2.42
Est;41;Lorraine;Metz;88;Vosges;Épinal;4;Gruey-lès-Surance;88240;88221;48.033333;6.183333;1.81
Est;41;Lorraine;Metz;88;Vosges;Épinal;4;Gugney-aux-Aulx;88450;88223;48.3;6.266667;1.16
Est;41;Lorraine;Metz;88;Vosges;Épinal;4;Hagécourt;88270;88226;48.233333;6.15;0.81
Est;41;Lorraine;Metz;88;Vosges;Épinal;4;Hagnéville-et-Roncourt;88300;88227;;;
Est;41;Lorraine;Metz;88;Vosges;Épinal;4;Harchéchamp;88300;88229;48.383333;5.783333;1.46
Est;41;Lorraine;Metz;88;Vosges;Épinal;4;Haréville;88800;88231;48.2;6;0.86
Est;41;Lorraine;Metz;88;Vosges;Épinal;4;Harmonville;88300;88232;48.483333;5.866667;2.3
Est;41;Lorraine;Metz;88;Vosges;Épinal;4;Harol;88270;88233;48.15;6.25;1.14
Est;41;Lorraine;Metz;88;Vosges;Épinal;4;Harsault;88240;88234;48.066667;6.233333;1.5
Est;41;Lorraine;Metz;88;Vosges;Épinal;4;Hautmougey;88240;88235;48.033333;6.233333;1.81
Est;41;Lorraine;Metz;88;Vosges;Épinal;4;Hennecourt;88270;88237;48.216667;6.283333;1.09
Est;41;Lorraine;Metz;88;Vosges;Épinal;4;Hennezel;88260;88238;48.05;6.116667;1.66
Est;41;Lorraine;Metz;88;Vosges;Épinal;4;Hergugney;88130;88239;48.383333;6.2;1.39
Est;41;Lorraine;Metz;88;Vosges;Épinal;4;Houécourt;88170;88241;48.3;5.9;1.14
Est;41;Lorraine;Metz;88;Vosges;Épinal;4;Houéville;88300;88242;48.366667;5.816667;1.37
Est;41;Lorraine;Metz;88;Vosges;Épinal;4;Hymont;88500;88246;48.266667;6.15;1.03
Est;41;Lorraine;Metz;88;Vosges;Épinal;4;Isches;88320;88248;48.016667;5.833333;1.96
Est;41;Lorraine;Metz;88;Vosges;Épinal;4;Jainvillotte;88300;88249;48.266667;5.7;1.69
Est;41;Lorraine;Metz;88;Vosges;Épinal;4;Jésonville;88260;88252;48.133333;6.116667;0.89
Est;41;Lorraine;Metz;88;Vosges;Épinal;4;Jorxey;88500;88254;48.3;6.233333;1.97
Est;41;Lorraine;Metz;88;Vosges;Épinal;4;Jubainville;88630;88255;48.466667;5.75;2.15
Est;41;Lorraine;Metz;88;Vosges;Épinal;4;Juvaincourt;88500;88257;48.333333;6.05;0.93
Est;41;Lorraine;Metz;88;Vosges;Épinal;4;La Haye;88240;88236;48.066667;6.216667;1.5
Est;41;Lorraine;Metz;88;Vosges;Épinal;4;Lamarche;88320;88258;48.066667;5.783333;1.5
Est;41;Lorraine;Metz;88;Vosges;Épinal;4;Landaville;88300;88259;48.283333;5.75;1.55
Est;41;Lorraine;Metz;88;Vosges;Épinal;4;La Neuveville-sous-Châtenois;88170;88324;;;
Est;41;Lorraine;Metz;88;Vosges;Épinal;4;La Neuveville-sous-Montfort;88800;88325;;;
Est;41;Lorraine;Metz;88;Vosges;Épinal;4;Langley;88130;88260;48.366667;6.333333;1.86
Est;41;Lorraine;Metz;88;Vosges;Épinal;4;La Vacheresse-et-la-Rouillie;88140;88485;;;
Est;41;Lorraine;Metz;88;Vosges;Épinal;4;Légéville-et-Bonfays;88270;88264;48.183333;6.15;0.92
Est;41;Lorraine;Metz;88;Vosges;Épinal;4;Le Magny;88240;88282;47.966667;6.166667;2.42
Est;41;Lorraine;Metz;88;Vosges;Épinal;4;Lemmecourt;88300;88265;48.266667;5.733333;1.6
Est;41;Lorraine;Metz;88;Vosges;Épinal;4;Lerrain;88260;88267;48.15;6.15;1.26
Est;41;Lorraine;Metz;88;Vosges;Épinal;4;Les Ableuvenettes;88270;88001;48.2;6.183333;0.4
Est;41;Lorraine;Metz;88;Vosges;Épinal;4;Les Thons;88410;88471;47.983333;5.883333;2.26
Est;41;Lorraine;Metz;88;Vosges;Épinal;4;Les Vallois;88260;88491;;;
Est;41;Lorraine;Metz;88;Vosges;Épinal;4;Les Voivres;88240;88520;48.033333;6.3;1.81
Est;41;Lorraine;Metz;88;Vosges;Épinal;4;Liffol-le-Grand;88350;88270;48.316667;5.583333;2.01
Est;41;Lorraine;Metz;88;Vosges;Épinal;4;Lignéville;88800;88271;48.166667;5.95;1.01
Est;41;Lorraine;Metz;88;Vosges;Épinal;4;Lironcourt;88410;88272;47.966667;5.9;2.42
Est;41;Lorraine;Metz;88;Vosges;Épinal;4;Longchamp-sous-Châtenois;88170;88274;48.283333;5.833333;1.32
Est;41;Lorraine;Metz;88;Vosges;Épinal;4;Maconcourt;88170;88278;48.366667;5.933333;1.24
Est;41;Lorraine;Metz;88;Vosges;Épinal;4;Madecourt;88270;88279;48.233333;6.116667;1.27
Est;41;Lorraine;Metz;88;Vosges;Épinal;4;Madegney;88450;88280;48.283333;6.283333;1.05
Est;41;Lorraine;Metz;88;Vosges;Épinal;4;Madonne-et-Lamerey;88270;88281;;;
Est;41;Lorraine;Metz;88;Vosges;Épinal;4;Malaincourt;88140;88283;48.216667;5.766667;1.51
Est;41;Lorraine;Metz;88;Vosges;Épinal;4;Mandres-sur-Vair;88800;88285;48.216667;5.9;1.25
Est;41;Lorraine;Metz;88;Vosges;Épinal;4;Marainville-sur-Madon;88130;88286;48.4;6.166667;1.8
Est;41;Lorraine;Metz;88;Vosges;Épinal;4;Marey;88320;88287;48.1;5.9;1.21
Est;41;Lorraine;Metz;88;Vosges;Épinal;4;Maroncourt;88270;88288;48.25;6.15;0.9
Est;41;Lorraine;Metz;88;Vosges;Épinal;4;Martigny-les-Bains;88320;88289;48.1;5.816667;1.37
Est;41;Lorraine;Metz;88;Vosges;Épinal;4;Martigny-les-Gerbonvaux;88300;88290;48.45;5.8;2
Est;41;Lorraine;Metz;88;Vosges;Épinal;4;Martinvelle;88410;88291;47.966667;6;2.42
Est;41;Lorraine;Metz;88;Vosges;Épinal;4;Mattaincourt;88500;88292;48.283333;6.133333;0.7
Est;41;Lorraine;Metz;88;Vosges;Épinal;4;Maxey-sur-Meuse;88630;88293;48.45;5.7;2
Est;41;Lorraine;Metz;88;Vosges;Épinal;4;Mazirot;88500;88295;48.316667;6.15;0.8
Est;41;Lorraine;Metz;88;Vosges;Épinal;4;Médonville;88140;88296;48.216667;5.733333;1.6
Est;41;Lorraine;Metz;88;Vosges;Épinal;4;Ménil-en-Xaintois;88500;88299;48.316667;5.966667;1.76
Est;41;Lorraine;Metz;88;Vosges;Épinal;4;Midrevaux;88630;88303;48.383333;5.616667;1.92
Est;41;Lorraine;Metz;88;Vosges;Épinal;4;Mirecourt;88500;88304;48.3;6.133333;0.63
Est;41;Lorraine;Metz;88;Vosges;Épinal;4;Moncel-sur-Vair;88630;88305;;;
Est;41;Lorraine;Metz;88;Vosges;Épinal;4;Monthureux-le-Sec;88800;88309;48.166667;6.033333;1.5
Est;41;Lorraine;Metz;88;Vosges;Épinal;4;Monthureux-sur-Saône;88410;88310;48.033333;5.966667;1.81
Est;41;Lorraine;Metz;88;Vosges;Épinal;4;Mont-lès-Lamarche;88320;88307;48.016667;5.8;1.96
Est;41;Lorraine;Metz;88;Vosges;Épinal;4;Mont-lès-Neufchâteau;88300;88308;48.35;5.633333;1.87
Est;41;Lorraine;Metz;88;Vosges;Épinal;4;Montmotier;88240;88311;47.966667;6.183333;2.42
Est;41;Lorraine;Metz;88;Vosges;Épinal;4;Morelmaison;88170;88312;48.316667;5.916667;1.09
Est;41;Lorraine;Metz;88;Vosges;Épinal;4;Morizécourt;88320;88314;48.066667;5.866667;1.5
Est;41;Lorraine;Metz;88;Vosges;Épinal;4;Morville;88140;88316;48.233333;5.8;1.41
Est;41;Lorraine;Metz;88;Vosges;Épinal;4;Neufchâteau;88300;88321;48.35;5.7;1.69
Est;41;Lorraine;Metz;88;Vosges;Épinal;4;Nonville;88260;88330;48.083333;5.983333;1.35
Est;41;Lorraine;Metz;88;Vosges;Épinal;4;Norroy;88800;88332;48.216667;5.916667;1.09
Est;41;Lorraine;Metz;88;Vosges;Épinal;4;Oëlleville;88500;88334;48.333333;6.016667;1.1
Est;41;Lorraine;Metz;88;Vosges;Épinal;4;Offroicourt;88500;88335;48.283333;6.033333;0.93
Est;41;Lorraine;Metz;88;Vosges;Épinal;4;Ollainville;88170;88336;48.266667;5.8;1.64
Est;41;Lorraine;Metz;88;Vosges;Épinal;4;Parey-sous-Montfort;88800;88343;48.25;5.95;1
Est;41;Lorraine;Metz;88;Vosges;Épinal;4;Pargny-sous-Mureau;88350;88344;48.366667;5.6;1.96
Est;41;Lorraine;Metz;88;Vosges;Épinal;4;Pierrefitte;88270;88347;48.166667;6.183333;0.78
Est;41;Lorraine;Metz;88;Vosges;Épinal;4;Pleuvezain;88170;88350;48.383333;5.916667;1.39
Est;41;Lorraine;Metz;88;Vosges;Épinal;4;Pompierre;88300;88352;48.266667;5.666667;1.78
Est;41;Lorraine;Metz;88;Vosges;Épinal;4;Pont-lès-Bonfays;88260;88353;48.166667;6.133333;1.15
Est;41;Lorraine;Metz;88;Vosges;Épinal;4;Pont-sur-Madon;88500;88354;48.366667;6.15;1.24
Est;41;Lorraine;Metz;88;Vosges;Épinal;4;Portieux;88330;88355;48.35;6.35;1.82
Est;41;Lorraine;Metz;88;Vosges;Épinal;4;Poussay;88500;88357;48.316667;6.116667;0.78
Est;41;Lorraine;Metz;88;Vosges;Épinal;4;Provenchères-lès-Darney;88260;88360;48.133333;5.95;1.67
Est;41;Lorraine;Metz;88;Vosges;Épinal;4;Punerot;88630;88363;48.483333;5.816667;2.3
Est;41;Lorraine;Metz;88;Vosges;Épinal;4;Puzieux;88500;88364;48.333333;6.1;0.93
Est;41;Lorraine;Metz;88;Vosges;Épinal;4;Racécourt;88270;88365;48.25;6.183333;0.55
Est;41;Lorraine;Metz;88;Vosges;Épinal;4;Rainville;88170;88366;48.35;5.883333;1.18
Est;41;Lorraine;Metz;88;Vosges;Épinal;4;Ramecourt;88500;88368;48.316667;6.1;0.78
Est;41;Lorraine;Metz;88;Vosges;Épinal;4;Rancourt;88270;88370;48.216667;6.116667;1.25
Est;41;Lorraine;Metz;88;Vosges;Épinal;4;Rapey;88130;88374;48.316667;6.25;1.06
Est;41;Lorraine;Metz;88;Vosges;Épinal;4;Rebeuville;88300;88376;48.333333;5.7;1.69
Est;41;Lorraine;Metz;88;Vosges;Épinal;4;Regnévelle;88410;88377;47.983333;5.966667;2.26
Est;41;Lorraine;Metz;88;Vosges;Épinal;4;Regney;88450;88378;48.283333;6.3;0.96
Est;41;Lorraine;Metz;88;Vosges;Épinal;4;Relanges;88260;88381;48.116667;6.016667;1.05
Est;41;Lorraine;Metz;88;Vosges;Épinal;4;Remicourt;88500;88382;48.283333;6.066667;0.68
Est;41;Lorraine;Metz;88;Vosges;Épinal;4;Remoncourt;88800;88385;48.233333;6.05;1.49
Est;41;Lorraine;Metz;88;Vosges;Épinal;4;Removille;88170;88387;48.366667;5.833333;1.32
Est;41;Lorraine;Metz;88;Vosges;Épinal;4;Repel;88500;88389;48.35;5.975;-1
Est;41;Lorraine;Metz;88;Vosges;Épinal;4;Robécourt;88320;88390;48.133333;5.7;1.69
Est;41;Lorraine;Metz;88;Vosges;Épinal;4;Rocourt;88320;88392;48.1;5.733333;1.6
Est;41;Lorraine;Metz;88;Vosges;Épinal;4;Rollainville;88300;88393;48.366667;5.733333;1.6
Est;41;Lorraine;Metz;88;Vosges;Épinal;4;Romain-aux-Bois;88320;88394;48.083333;5.716667;1.64
Est;41;Lorraine;Metz;88;Vosges;Épinal;4;Rouvres-en-Xaintois;88500;88400;48.316667;6.033333;0.83
Est;41;Lorraine;Metz;88;Vosges;Épinal;4;Rouvres-la-Chétive;88170;88401;48.316667;5.783333;1.58
Est;41;Lorraine;Metz;88;Vosges;Épinal;4;Rozerotte;88500;88403;48.25;6.083333;0.89
Est;41;Lorraine;Metz;88;Vosges;Épinal;4;Rozières-sur-Mouzon;88320;88404;48.116667;5.7;1.69
Est;41;Lorraine;Metz;88;Vosges;Épinal;4;Rugney;88130;88406;48.35;6.25;1.08
Est;41;Lorraine;Metz;88;Vosges;Épinal;4;Ruppes;88630;88407;48.466667;5.766667;2.15
Est;41;Lorraine;Metz;88;Vosges;Épinal;4;Saint-Baslemont;88260;88411;48.15;6;1.02
Est;41;Lorraine;Metz;88;Vosges;Épinal;4;Saint-Julien;88410;88421;48.016667;5.9;1.96
Est;41;Lorraine;Metz;88;Vosges;Épinal;4;Saint-Menge;88170;88427;48.283333;5.95;1.44
Est;41;Lorraine;Metz;88;Vosges;Épinal;4;Saint-Ouen-lès-Parey;88140;88430;48.183333;5.766667;1.51
Est;41;Lorraine;Metz;88;Vosges;Épinal;4;Saint-Paul;88170;88431;48.333333;5.883333;1.18
Est;41;Lorraine;Metz;88;Vosges;Épinal;4;Saint-Prancher;88500;88433;48.35;5.95;2.06
Est;41;Lorraine;Metz;88;Vosges;Épinal;4;Saint-Remimont;88800;88434;48.25;5.9;1.37
Est;41;Lorraine;Metz;88;Vosges;Épinal;4;Saint-Vallier;88270;88437;48.283333;6.316667;1.81
Est;41;Lorraine;Metz;88;Vosges;Épinal;4;Sandaucourt;88170;88440;48.266667;5.85;1.28
Est;41;Lorraine;Metz;88;Vosges;Épinal;4;Sans-Vallois;88260;88441;48.166667;6.1;0.79
Est;41;Lorraine;Metz;88;Vosges;Épinal;4;Sartes;88300;88443;48.25;5.683333;1.74
Est;41;Lorraine;Metz;88;Vosges;Épinal;4;Saulxures-lès-Bulgnéville;88140;88446;48.2;5.8;1.41
Est;41;Lorraine;Metz;88;Vosges;Épinal;4;Sauville;88140;88448;48.166667;5.733333;1.6
Est;41;Lorraine;Metz;88;Vosges;Épinal;4;Savigny;88130;88449;48.35;6.216667;1.08
Est;41;Lorraine;Metz;88;Vosges;Épinal;4;Senaide;88320;88450;47.966667;5.8;2.42
Est;41;Lorraine;Metz;88;Vosges;Épinal;4;Senonges;88260;88452;48.15;6.066667;0.74
Est;41;Lorraine;Metz;88;Vosges;Épinal;4;Seraumont;88630;88453;48.433333;5.6;1.96
Est;41;Lorraine;Metz;88;Vosges;Épinal;4;Serécourt;88320;88455;48.05;5.85;1.66
Est;41;Lorraine;Metz;88;Vosges;Épinal;4;Serocourt;88320;88456;48.1;5.9;1.21
Est;41;Lorraine;Metz;88;Vosges;Épinal;4;Sionne;88630;88457;48.4;5.65;1.83
Est;41;Lorraine;Metz;88;Vosges;Épinal;4;Socourt;88130;88458;48.4;6.25;1.54
Est;41;Lorraine;Metz;88;Vosges;Épinal;4;Soncourt;88170;88459;48.4;5.916667;1.54
Est;41;Lorraine;Metz;88;Vosges;Épinal;4;Soulosse-sous-Saint-Elophe;88630;88460;;;
Est;41;Lorraine;Metz;88;Vosges;Épinal;4;Suriauville;88140;88461;48.166667;5.866667;1.27
Est;41;Lorraine;Metz;88;Vosges;Épinal;4;They-sous-Montfort;88800;88466;48.233333;5.983333;0.91
Est;41;Lorraine;Metz;88;Vosges;Épinal;4;Thiraucourt;88500;88469;48.3;6.066667;0.68
Est;41;Lorraine;Metz;88;Vosges;Épinal;4;Thuillières;88260;88472;48.15;6.016667;0.82
Est;41;Lorraine;Metz;88;Vosges;Épinal;4;Tignécourt;88320;88473;48.05;5.9;1.66
Est;41;Lorraine;Metz;88;Vosges;Épinal;4;Tilleux;88300;88474;48.3;5.733333;1.6
Est;41;Lorraine;Metz;88;Vosges;Épinal;4;Tollaincourt;88320;88475;48.1;5.733333;1.6
Est;41;Lorraine;Metz;88;Vosges;Épinal;4;Totainville;88500;88476;48.333333;5.983333;1.55
Est;41;Lorraine;Metz;88;Vosges;Épinal;4;Trampot;88350;88477;48.366667;5.433333;2.42
Est;41;Lorraine;Metz;88;Vosges;Épinal;4;Tranqueville-Graux;88300;88478;48.433333;5.85;1.85
Est;41;Lorraine;Metz;88;Vosges;Épinal;4;Trémonzey;88240;88479;47.966667;6.233333;2.42
Est;41;Lorraine;Metz;88;Vosges;Épinal;4;Ubexy;88130;88480;48.333333;6.266667;0.93
Est;41;Lorraine;Metz;88;Vosges;Épinal;4;Urville;88140;88482;48.183333;5.75;1.55
Est;41;Lorraine;Metz;88;Vosges;Épinal;4;Valfroicourt;88270;88488;48.2;6.1;1.51
Est;41;Lorraine;Metz;88;Vosges;Épinal;4;Valleroy-aux-Saules;88270;88489;48.25;6.15;0.9
Est;41;Lorraine;Metz;88;Vosges;Épinal;4;Valleroy-le-Sec;88800;88490;48.183333;6.016667;1.08
Est;41;Lorraine;Metz;88;Vosges;Épinal;4;Varmonzey;88450;88493;48.316667;6.283333;0.78
Est;41;Lorraine;Metz;88;Vosges;Épinal;4;Vaubexy;88500;88494;48.283333;6.233333;2
Est;41;Lorraine;Metz;88;Vosges;Épinal;4;Vaudoncourt;88140;88496;48.216667;5.808333;-1
Est;41;Lorraine;Metz;88;Vosges;Épinal;4;Velotte-et-Tatignécourt;88270;88499;48.266667;6.166667;0.88
Est;41;Lorraine;Metz;88;Vosges;Épinal;4;Vicherey;88170;88504;48.383333;5.933333;1.39
Est;41;Lorraine;Metz;88;Vosges;Épinal;4;Villers;88500;88507;48.3;6.166667;1.04
Est;41;Lorraine;Metz;88;Vosges;Épinal;4;Ville-sur-Illon;88270;88508;48.183333;6.216667;0.51
Est;41;Lorraine;Metz;88;Vosges;Épinal;4;Villotte;88320;88510;48.1;5.766667;1.51
Est;41;Lorraine;Metz;88;Vosges;Épinal;4;Villouxel;88350;88511;48.35;5.583333;2.01
Est;41;Lorraine;Metz;88;Vosges;Épinal;4;Vincey;88450;88513;48.333333;6.333333;1.83
Est;41;Lorraine;Metz;88;Vosges;Épinal;4;Viocourt;88170;88514;48.333333;5.866667;1.23
Est;41;Lorraine;Metz;88;Vosges;Épinal;4;Vioménil;88260;88515;48.1;6.183333;1.71
Est;41;Lorraine;Metz;88;Vosges;Épinal;4;Vittel;88800;88516;48.2;5.95;1
Est;41;Lorraine;Metz;88;Vosges;Épinal;4;Viviers-le-Gras;88260;88517;48.133333;5.933333;1.9
Est;41;Lorraine;Metz;88;Vosges;Épinal;4;Viviers-lès-Offroicourt;88500;88518;48.266667;6.016667;1.24
Est;41;Lorraine;Metz;88;Vosges;Épinal;4;Vomécourt-sur-Madon;88500;88522;;;
Est;41;Lorraine;Metz;88;Vosges;Épinal;4;Vouxey;88170;88523;48.35;5.816667;1.37
Est;41;Lorraine;Metz;88;Vosges;Épinal;4;Vrécourt;88140;88524;48.166667;5.7;1.69
Est;41;Lorraine;Metz;88;Vosges;Épinal;4;Vroville;88500;88525;48.283333;6.166667;1.11
Est;41;Lorraine;Metz;88;Vosges;Épinal;4;Xaronval;88130;88529;48.383333;6.183333;1.39
